Abdul Kalam,Abdul Malik,Kalam,Abdul Kalams,Abdul Karim,abdul,kalam,Avul,APJ,Pakir,Jainulabdeen,kalamji
Abhijit Banerjee,Abhijit,Vinayak,Banerjee,Abhijit Binayak Banerjee,banerji
Amartya Sen,Amrtya Sen,amartya,sem,amrtya
Arvind Panagariya,Aayog Arvind,Panagaria,Panagariya,Panagaraia,Panagariya,Aravind,Panagaria,Arvind Panagriya
Bibek Debroy,bibek,debroy
Brahma Chellaney,Brahma,brahma,chellaney
Jagdish Bhagawati,Jagdish Bhagwati,Jagdish Bhagwatis,jagdish,bhagwati,bhagawati
Jayati Ghosh,jayati,ghosh,jayti
Jean Drze,Jean Dreze,jean,dreze,drze
Kaushik Basu,P.K. Basu,Karthik,P.K. Babu,Babu,kaushik,basu
Madhav Gadgil,madhav,gadgil
Mahmood Madani,mahmood,madani
Raghuram,Rajan,govind,Raghuraman,Raghuram,Raghuram,Rajans,Rajanna,Rajan,Raguhuram Rajan
